epoch,epoch_time_sec,train_loss,train_acc,val_loss,val_acc
1,91.1312,1.293507,53.2397,0.724113,75.8800
2,104.9498,0.709584,76.2657,0.465937,85.1200
