epoch,epoch_time_sec,train_loss,train_acc,val_loss,val_acc
1,178.7964,1.960293,26.3199,1.789203,34.6600
2,147.2611,1.778853,34.5931,1.679306,39.8800
